{"cameraMode":{"drawMode":0,"name":"Shaded","section":"Shading Mode"},"sceneLighting":true,"audioPlay":false,"sceneViewState":{"m_AlwaysRefresh":false,"showFog":true,"showSkybox":true,"showFlares":true,"showImageEffects":true,"showParticleSystems":true,"showVisualEffectGraphs":true,"m_FxEnabled":true},"in2DMode":false,"pivot":{"x":588.855224609375,"y":1.9782259464263917,"z":501.20867919921877},"rotation":{"x":-0.0076576415449380878,"y":-0.7698571681976318,"z":0.009238707832992077,"w":-0.6381040215492249},"size":0.04291510581970215,"orthographic":false}