{"cameraMode":{"drawMode":0,"name":"Shaded","section":"Shading Mode"},"sceneLighting":true,"audioPlay":false,"sceneViewState":{"m_AlwaysRefresh":false,"showFog":true,"showSkybox":true,"showFlares":true,"showImageEffects":true,"showParticleSystems":true,"showVisualEffectGraphs":true,"m_FxEnabled":true},"in2DMode":false,"pivot":{"x":513.0164794921875,"y":4.624849319458008,"z":500.82391357421877},"rotation":{"x":-0.019598349928855897,"y":0.6957334280014038,"z":-0.019000308588147165,"w":-0.7177937030792236},"size":1.9243419170379639,"orthographic":false}